<?xml version="1.0" encoding="UTF-8"?>
<export version="E">
  <design>
    <source>/Users/rbaron/dev/parasite/b-parasite/kicad/parasite.kicad_sch</source>
    <date>2023 March 19, Sunday 14:36:32</date>
    <tool>Eeschema 7.0.1-0</tool>
    <sheet number="1" name="/" tstamps="/">
      <title_block>
        <title>b-parasite</title>
        <company/>
        <rev>2.0.0</rev>
        <date>2022-12-31</date>
        <source>parasite.kicad_sch</source>
        <comment number="1" value="rbaron.net"/>
        <comment number="2" value=""/>
        <comment number="3" value=""/>
        <comment number="4" value=""/>
        <comment number="5" value=""/>
        <comment number="6" value=""/>
        <comment number="7" value=""/>
        <comment number="8" value=""/>
        <comment number="9" value=""/>
      </title_block>
    </sheet>
  </design>
  <components>
    <comp ref="BT1">
      <value>Battery_Cell</value>
      <footprint>kicad:BatteryHolder_Keystone_3002_1x2032</footprint>
      <libsource lib="Device" part="Battery_Cell" description="Single-cell battery"/>
      <property name="Sheetname" value=""/>
      <property name="Sheetfile" value="parasite.kicad_sch"/>
      <property name="ki_description" value="Single-cell battery"/>
      <property name="ki_keywords" value="battery cell"/>
      <sheetpath names="/" tstamps="/"/>
      <tstamps>00000000-0000-0000-0000-000060386a6f</tstamps>
    </comp>
    <comp ref="C1">
      <value>1n</value>
      <footprint>Capacitor_SMD:C_0402_1005Metric</footprint>
      <fields>
        <field name="LCSC">C1523</field>
      </fields>
      <libsource lib="Device" part="C_Small" description="Unpolarized capacitor, small symbol"/>
      <property name="LCSC" value="C1523"/>
      <property name="Sheetname" value=""/>
      <property name="Sheetfile" value="parasite.kicad_sch"/>
      <property name="ki_description" value="Unpolarized capacitor, small symbol"/>
      <property name="ki_keywords" value="capacitor cap"/>
      <sheetpath names="/" tstamps="/"/>
      <tstamps>00000000-0000-0000-0000-0000600e6e5b</tstamps>
    </comp>
    <comp ref="C2">
      <value>100n</value>
      <footprint>Capacitor_SMD:C_0402_1005Metric</footprint>
      <fields>
        <field name="LCSC">C1525</field>
      </fields>
      <libsource lib="Device" part="C_Small" description="Unpolarized capacitor, small symbol"/>
      <property name="LCSC" value="C1525"/>
      <property name="Sheetname" value=""/>
      <property name="Sheetfile" value="parasite.kicad_sch"/>
      <property name="ki_description" value="Unpolarized capacitor, small symbol"/>
      <property name="ki_keywords" value="capacitor cap"/>
      <sheetpath names="/" tstamps="/"/>
      <tstamps>00000000-0000-0000-0000-00006036f153</tstamps>
    </comp>
    <comp ref="C3">
      <value>12p</value>
      <footprint>Capacitor_SMD:C_0402_1005Metric</footprint>
      <fields>
        <field name="LCSC">C1547</field>
      </fields>
      <libsource lib="Device" part="C_Small" description="Unpolarized capacitor, small symbol"/>
      <property name="LCSC" value="C1547"/>
      <property name="Sheetname" value=""/>
      <property name="Sheetfile" value="parasite.kicad_sch"/>
      <property name="ki_description" value="Unpolarized capacitor, small symbol"/>
      <property name="ki_keywords" value="capacitor cap"/>
      <sheetpath names="/" tstamps="/"/>
      <tstamps>09a62b8d-af2d-4255-bf19-be6e54b45f4e</tstamps>
    </comp>
    <comp ref="C4">
      <value>12p</value>
      <footprint>Capacitor_SMD:C_0402_1005Metric</footprint>
      <fields>
        <field name="LCSC">C1547</field>
      </fields>
      <libsource lib="Device" part="C_Small" description="Unpolarized capacitor, small symbol"/>
      <property name="LCSC" value="C1547"/>
      <property name="Sheetname" value=""/>
      <property name="Sheetfile" value="parasite.kicad_sch"/>
      <property name="ki_description" value="Unpolarized capacitor, small symbol"/>
      <property name="ki_keywords" value="capacitor cap"/>
      <sheetpath names="/" tstamps="/"/>
      <tstamps>2d9f5014-977d-43c3-9264-e76ecf13fa5b</tstamps>
    </comp>
    <comp ref="D1">
      <value>LL4148</value>
      <footprint>Diode_SMD:D_MiniMELF</footprint>
      <datasheet>http://www.vishay.com/docs/85557/ll4148.pdf</datasheet>
      <fields>
        <field name="LCSC">C9808</field>
      </fields>
      <libsource lib="Diode" part="LL4148" description="100V 0.15A standard switching diode, MiniMELF"/>
      <property name="LCSC" value="C9808"/>
      <property name="Sheetname" value=""/>
      <property name="Sheetfile" value="parasite.kicad_sch"/>
      <property name="ki_description" value="100V 0.15A standard switching diode, MiniMELF"/>
      <property name="ki_keywords" value="diode"/>
      <sheetpath names="/" tstamps="/"/>
      <tstamps>00000000-0000-0000-0000-0000600e601e</tstamps>
    </comp>
    <comp ref="D2">
      <value>LED</value>
      <footprint>LED_SMD:LED_0603_1608Metric</footprint>
      <fields>
        <field name="LCSC">C2286</field>
      </fields>
      <libsource lib="Device" part="LED" description="Light emitting diode"/>
      <property name="LCSC" value="C2286"/>
      <property name="Sheetname" value=""/>
      <property name="Sheetfile" value="parasite.kicad_sch"/>
      <property name="ki_description" value="Light emitting diode"/>
      <property name="ki_keywords" value="LED diode"/>
      <sheetpath names="/" tstamps="/"/>
      <tstamps>00000000-0000-0000-0000-00006038131f</tstamps>
    </comp>
    <comp ref="Q1">
      <value>MMBT3906</value>
      <footprint>Package_TO_SOT_SMD:SOT-23</footprint>
      <datasheet>https://www.onsemi.com/pub/Collateral/2N3906-D.PDF</datasheet>
      <fields>
        <field name="LCSC">C2910191</field>
      </fields>
      <libsource lib="Transistor_BJT" part="MMBT3906" description="-0.2A Ic, -40V Vce, Small Signal PNP Transistor, SOT-23"/>
      <property name="LCSC" value="C2910191"/>
      <property name="Sheetname" value=""/>
      <property name="Sheetfile" value="parasite.kicad_sch"/>
      <property name="ki_description" value="-0.2A Ic, -40V Vce, Small Signal PNP Transistor, SOT-23"/>
      <property name="ki_keywords" value="PNP Transistor"/>
      <sheetpath names="/" tstamps="/"/>
      <tstamps>5ac517f9-143d-4f08-ae19-43791bf393aa</tstamps>
    </comp>
    <comp ref="Q4">
      <value>Q_Photo_NPN</value>
      <footprint>snapeda:TR8</footprint>
      <datasheet>https://datasheet.lcsc.com/lcsc/1806131537_Everlight-Elec-ALS-PT19-315C-L177-TR8_C146233.pdf</datasheet>
      <fields>
        <field name="LCSC">C146233</field>
      </fields>
      <libsource lib="Device" part="Q_Photo_NPN" description="NPN phototransistor, collector/emitter"/>
      <property name="LCSC" value="C146233"/>
      <property name="Sheetname" value=""/>
      <property name="Sheetfile" value="parasite.kicad_sch"/>
      <property name="ki_description" value="NPN phototransistor, collector/emitter"/>
      <property name="ki_keywords" value="phototransistor NPN"/>
      <sheetpath names="/" tstamps="/"/>
      <tstamps>00000000-0000-0000-0000-0000613f6ce6</tstamps>
    </comp>
    <comp ref="R1">
      <value>10k</value>
      <footprint>Resistor_SMD:R_0402_1005Metric</footprint>
      <fields>
        <field name="LCSC">C25744</field>
      </fields>
      <libsource lib="Device" part="R_Small_US" description="Resistor, small US symbol"/>
      <property name="LCSC" value="C25744"/>
      <property name="Sheetname" value=""/>
      <property name="Sheetfile" value="parasite.kicad_sch"/>
      <property name="ki_description" value="Resistor, small US symbol"/>
      <property name="ki_keywords" value="r resistor"/>
      <sheetpath names="/" tstamps="/"/>
      <tstamps>00000000-0000-0000-0000-0000600e0e7a</tstamps>
    </comp>
    <comp ref="R2">
      <value>1k</value>
      <footprint>Resistor_SMD:R_0402_1005Metric</footprint>
      <fields>
        <field name="LCSC">C11702</field>
      </fields>
      <libsource lib="Device" part="R_Small_US" description="Resistor, small US symbol"/>
      <property name="LCSC" value="C11702"/>
      <property name="Sheetname" value=""/>
      <property name="Sheetfile" value="parasite.kicad_sch"/>
      <property name="ki_description" value="Resistor, small US symbol"/>
      <property name="ki_keywords" value="r resistor"/>
      <sheetpath names="/" tstamps="/"/>
      <tstamps>00000000-0000-0000-0000-00006037fe48</tstamps>
    </comp>
    <comp ref="R4">
      <value>10k</value>
      <footprint>Resistor_SMD:R_0402_1005Metric</footprint>
      <fields>
        <field name="LCSC">C25744</field>
      </fields>
      <libsource lib="Device" part="R_Small_US" description="Resistor, small US symbol"/>
      <property name="LCSC" value="C25744"/>
      <property name="Sheetname" value=""/>
      <property name="Sheetfile" value="parasite.kicad_sch"/>
      <property name="ki_description" value="Resistor, small US symbol"/>
      <property name="ki_keywords" value="r resistor"/>
      <sheetpath names="/" tstamps="/"/>
      <tstamps>00000000-0000-0000-0000-0000600fff47</tstamps>
    </comp>
    <comp ref="R6">
      <value>1M</value>
      <footprint>Resistor_SMD:R_0402_1005Metric</footprint>
      <fields>
        <field name="LCSC">C26083</field>
      </fields>
      <libsource lib="Device" part="R_Small_US" description="Resistor, small US symbol"/>
      <property name="LCSC" value="C26083"/>
      <property name="Sheetname" value=""/>
      <property name="Sheetfile" value="parasite.kicad_sch"/>
      <property name="ki_description" value="Resistor, small US symbol"/>
      <property name="ki_keywords" value="r resistor"/>
      <sheetpath names="/" tstamps="/"/>
      <tstamps>00000000-0000-0000-0000-0000600e7750</tstamps>
    </comp>
    <comp ref="R7">
      <value>10k</value>
      <footprint>Resistor_SMD:R_0402_1005Metric</footprint>
      <fields>
        <field name="LCSC">C25744</field>
      </fields>
      <libsource lib="Device" part="R_Small_US" description="Resistor, small US symbol"/>
      <property name="LCSC" value="C25744"/>
      <property name="Sheetname" value=""/>
      <property name="Sheetfile" value="parasite.kicad_sch"/>
      <property name="ki_description" value="Resistor, small US symbol"/>
      <property name="ki_keywords" value="r resistor"/>
      <sheetpath names="/" tstamps="/"/>
      <tstamps>00000000-0000-0000-0000-00006037481e</tstamps>
    </comp>
    <comp ref="R8">
      <value>10k</value>
      <footprint>Resistor_SMD:R_0402_1005Metric</footprint>
      <fields>
        <field name="LCSC">C25744</field>
      </fields>
      <libsource lib="Device" part="R_Small_US" description="Resistor, small US symbol"/>
      <property name="LCSC" value="C25744"/>
      <property name="Sheetname" value=""/>
      <property name="Sheetfile" value="parasite.kicad_sch"/>
      <property name="ki_description" value="Resistor, small US symbol"/>
      <property name="ki_keywords" value="r resistor"/>
      <sheetpath names="/" tstamps="/"/>
      <tstamps>00000000-0000-0000-0000-000060372d0f</tstamps>
    </comp>
    <comp ref="R10">
      <value>470</value>
      <footprint>Resistor_SMD:R_0402_1005Metric</footprint>
      <fields>
        <field name="LCSC">C25117</field>
      </fields>
      <libsource lib="Device" part="R_Small_US" description="Resistor, small US symbol"/>
      <property name="LCSC" value="C25117"/>
      <property name="Sheetname" value=""/>
      <property name="Sheetfile" value="parasite.kicad_sch"/>
      <property name="ki_description" value="Resistor, small US symbol"/>
      <property name="ki_keywords" value="r resistor"/>
      <sheetpath names="/" tstamps="/"/>
      <tstamps>00000000-0000-0000-0000-000060aeba02</tstamps>
    </comp>
    <comp ref="RST1">
      <value>B3U-1000P</value>
      <footprint>SW_B3U-1000P</footprint>
      <fields>
        <field name="AVAILABILITY">Unavailable</field>
        <field name="DESCRIPTION">Tactile Switch SPST-NO Top Actuated Surface Mount</field>
        <field name="LCSC">C231329</field>
        <field name="MF">Omron</field>
        <field name="MP">B3U-1000P</field>
        <field name="PACKAGE">None</field>
        <field name="PRICE">None</field>
      </fields>
      <libsource lib="B3U-1000P" part="B3U-1000P" description=""/>
      <property name="PACKAGE" value="None"/>
      <property name="MP" value="B3U-1000P"/>
      <property name="MF" value="Omron"/>
      <property name="AVAILABILITY" value="Unavailable"/>
      <property name="DESCRIPTION" value="Tactile Switch SPST-NO Top Actuated Surface Mount"/>
      <property name="PRICE" value="None"/>
      <property name="LCSC" value="C231329"/>
      <property name="Sheetname" value=""/>
      <property name="Sheetfile" value="parasite.kicad_sch"/>
      <sheetpath names="/" tstamps="/"/>
      <tstamps>ddd3022e-3c6f-4142-be93-55bb451322b5</tstamps>
    </comp>
    <comp ref="SW1">
      <value>B3U-1000P</value>
      <footprint>SW_B3U-1000P</footprint>
      <fields>
        <field name="AVAILABILITY">Unavailable</field>
        <field name="DESCRIPTION">Tactile Switch SPST-NO Top Actuated Surface Mount</field>
        <field name="LCSC">C231329</field>
        <field name="MF">Omron</field>
        <field name="MP">B3U-1000P</field>
        <field name="PACKAGE">None</field>
        <field name="PRICE">None</field>
      </fields>
      <libsource lib="B3U-1000P" part="B3U-1000P" description=""/>
      <property name="PACKAGE" value="None"/>
      <property name="MP" value="B3U-1000P"/>
      <property name="MF" value="Omron"/>
      <property name="AVAILABILITY" value="Unavailable"/>
      <property name="DESCRIPTION" value="Tactile Switch SPST-NO Top Actuated Surface Mount"/>
      <property name="PRICE" value="None"/>
      <property name="LCSC" value="C231329"/>
      <property name="Sheetname" value=""/>
      <property name="Sheetfile" value="parasite.kicad_sch"/>
      <sheetpath names="/" tstamps="/"/>
      <tstamps>d6c55039-cad2-4d9a-97dd-4726b7642d6e</tstamps>
    </comp>
    <comp ref="U1">
      <value>E73-2G4M08S1C</value>
      <footprint>snapeda:E73-2G4M08S1C</footprint>
      <fields>
        <field name="LCSC">C356849</field>
      </fields>
      <libsource lib="E73" part="E73-2G4M08S1C" description=""/>
      <property name="Sheetname" value=""/>
      <property name="Sheetfile" value="parasite.kicad_sch"/>
      <sheetpath names="/" tstamps="/"/>
      <tstamps>b2d5a4de-f179-4f92-918d-1b0d0423868a a9e7f1d0-5e5b-4a9e-9f70-da26c1fbbefa 974aa758-992c-4d1b-974d-7006c8fd27b6</tstamps>
    </comp>
    <comp ref="U2">
      <value>SHTC3</value>
      <footprint>kicad:Sensirion_DFN-4-1EP_2x2mm_P1mm_EP0.7x1.6mm</footprint>
      <datasheet>https://www.sensirion.com/fileadmin/user_upload/customers/sensirion/Dokumente/0_Datasheets/Humidity/Sensirion_Humidity_Sensors_SHTC3_Datasheet.pdf</datasheet>
      <fields>
        <field name="LCSC">C194656</field>
      </fields>
      <libsource lib="Sensor_Humidity" part="SHTC3" description="Humidity and Temperature Sensor, +/-2%RH, +/-0.2degC, I2C, 1.62-3.6V, DFN-4"/>
      <property name="LCSC" value="C194656"/>
      <property name="Sheetname" value=""/>
      <property name="Sheetfile" value="parasite.kicad_sch"/>
      <property name="ki_description" value="Humidity and Temperature Sensor, +/-2%RH, +/-0.2degC, I2C, 1.62-3.6V, DFN-4"/>
      <property name="ki_keywords" value="Sensirion environment environmental measurement digital"/>
      <sheetpath names="/" tstamps="/"/>
      <tstamps>00000000-0000-0000-0000-00006052cfbe</tstamps>
    </comp>
    <comp ref="Y1">
      <value>32.768kHz</value>
      <footprint>Crystal:Crystal_SMD_3215-2Pin_3.2x1.5mm</footprint>
      <fields>
        <field name="LCSC">C32346</field>
      </fields>
      <libsource lib="Device" part="Crystal" description="Two pin crystal"/>
      <property name="LCSC" value="C32346"/>
      <property name="Sheetname" value=""/>
      <property name="Sheetfile" value="parasite.kicad_sch"/>
      <property name="ki_description" value="Two pin crystal"/>
      <property name="ki_keywords" value="quartz ceramic resonator oscillator"/>
      <sheetpath names="/" tstamps="/"/>
      <tstamps>d6211179-8259-42c3-b07a-bc1bd3b3a8f1</tstamps>
    </comp>
  </components>
  <libparts>
    <libpart lib="B3U-1000P" part="B3U-1000P">
      <fields>
        <field name="Reference">S</field>
        <field name="Value">B3U-1000P</field>
        <field name="Footprint">SW_B3U-1000P</field>
        <field name="PACKAGE">None</field>
        <field name="MP">B3U-1000P</field>
        <field name="MF">Omron</field>
        <field name="AVAILABILITY">Unavailable</field>
        <field name="DESCRIPTION">Tactile Switch SPST-NO Top Actuated Surface Mount</field>
        <field name="PRICE">None</field>
      </fields>
      <pins>
        <pin num="1" name="" type="passive"/>
        <pin num="2" name="" type="passive"/>
      </pins>
    </libpart>
    <libpart lib="Connector" part="TestPoint">
      <description>test point</description>
      <docs>~</docs>
      <footprints>
        <fp>Pin*</fp>
        <fp>Test*</fp>
      </footprints>
      <fields>
        <field name="Reference">TP</field>
        <field name="Value">TestPoint</field>
        <field name="Datasheet">~</field>
      </fields>
      <pins>
        <pin num="1" name="1" type="passive"/>
      </pins>
    </libpart>
    <libpart lib="Device" part="Battery_Cell">
      <description>Single-cell battery</description>
      <docs>~</docs>
      <fields>
        <field name="Reference">BT</field>
        <field name="Value">Battery_Cell</field>
        <field name="Datasheet">~</field>
      </fields>
      <pins>
        <pin num="1" name="+" type="passive"/>
        <pin num="2" name="-" type="passive"/>
      </pins>
    </libpart>
    <libpart lib="Device" part="C_Small">
      <description>Unpolarized capacitor, small symbol</description>
      <docs>~</docs>
      <footprints>
        <fp>C_*</fp>
      </footprints>
      <fields>
        <field name="Reference">C</field>
        <field name="Value">C_Small</field>
        <field name="Datasheet">~</field>
      </fields>
      <pins>
        <pin num="1" name="" type="passive"/>
        <pin num="2" name="" type="passive"/>
      </pins>
    </libpart>
    <libpart lib="Device" part="Crystal">
      <description>Two pin crystal</description>
      <docs>~</docs>
      <footprints>
        <fp>Crystal*</fp>
      </footprints>
      <fields>
        <field name="Reference">Y</field>
        <field name="Value">Crystal</field>
        <field name="Datasheet">~</field>
      </fields>
      <pins>
        <pin num="1" name="1" type="passive"/>
        <pin num="2" name="2" type="passive"/>
      </pins>
    </libpart>
    <libpart lib="Device" part="LED">
      <description>Light emitting diode</description>
      <docs>~</docs>
      <footprints>
        <fp>LED*</fp>
        <fp>LED_SMD:*</fp>
        <fp>LED_THT:*</fp>
      </footprints>
      <fields>
        <field name="Reference">D</field>
        <field name="Value">LED</field>
        <field name="Datasheet">~</field>
      </fields>
      <pins>
        <pin num="1" name="K" type="passive"/>
        <pin num="2" name="A" type="passive"/>
      </pins>
    </libpart>
    <libpart lib="Device" part="Q_Photo_NPN">
      <description>NPN phototransistor, collector/emitter</description>
      <docs>~</docs>
      <fields>
        <field name="Reference">Q</field>
        <field name="Value">Q_Photo_NPN</field>
        <field name="Datasheet">~</field>
      </fields>
      <pins>
        <pin num="1" name="C" type="passive"/>
        <pin num="2" name="E" type="passive"/>
      </pins>
    </libpart>
    <libpart lib="Device" part="R_Small_US">
      <description>Resistor, small US symbol</description>
      <docs>~</docs>
      <footprints>
        <fp>R_*</fp>
      </footprints>
      <fields>
        <field name="Reference">R</field>
        <field name="Value">R_Small_US</field>
        <field name="Datasheet">~</field>
      </fields>
      <pins>
        <pin num="1" name="" type="passive"/>
        <pin num="2" name="" type="passive"/>
      </pins>
    </libpart>
    <libpart lib="Diode" part="LL4148">
      <description>100V 0.15A standard switching diode, MiniMELF</description>
      <docs>http://www.vishay.com/docs/85557/ll4148.pdf</docs>
      <footprints>
        <fp>D*MiniMELF*</fp>
      </footprints>
      <fields>
        <field name="Reference">D</field>
        <field name="Value">LL4148</field>
        <field name="Footprint">Diode_SMD:D_MiniMELF</field>
        <field name="Datasheet">http://www.vishay.com/docs/85557/ll4148.pdf</field>
      </fields>
      <pins>
        <pin num="1" name="K" type="passive"/>
        <pin num="2" name="A" type="passive"/>
      </pins>
    </libpart>
    <libpart lib="E73" part="E73-2G4M08S1C">
      <fields>
        <field name="Reference">U</field>
        <field name="Value">E73-2G4M08S1C</field>
        <field name="Footprint">E73-2G4M08S1C</field>
      </fields>
      <pins>
        <pin num="1" name="P1.11" type="bidirectional"/>
        <pin num="2" name="P1.10" type="bidirectional"/>
        <pin num="3" name="P0.03/AIN1" type="bidirectional"/>
        <pin num="4" name="P0.28/AIN4" type="bidirectional"/>
        <pin num="5" name="GND@1" type="bidirectional"/>
        <pin num="6" name="P1.13" type="bidirectional"/>
        <pin num="7" name="P0.02/AIN0" type="bidirectional"/>
        <pin num="8" name="P0.29/AIN5" type="bidirectional"/>
        <pin num="9" name="P0.31/AIN7" type="bidirectional"/>
        <pin num="10" name="P0.30/AIN6" type="bidirectional"/>
        <pin num="11" name="P0.00/XL1" type="bidirectional"/>
        <pin num="12" name="P0.26" type="bidirectional"/>
        <pin num="13" name="P0.01/XL2" type="bidirectional"/>
        <pin num="14" name="P0.06" type="bidirectional"/>
        <pin num="15" name="P0.05/AIN3" type="bidirectional"/>
        <pin num="16" name="P0.08" type="bidirectional"/>
        <pin num="17" name="P1.09" type="bidirectional"/>
        <pin num="18" name="P0.04/AIN2" type="bidirectional"/>
        <pin num="19" name="VDD" type="bidirectional"/>
        <pin num="20" name="P0.12" type="bidirectional"/>
        <pin num="21" name="GND@2" type="bidirectional"/>
        <pin num="22" name="P0.07" type="bidirectional"/>
        <pin num="23" name="VDDH" type="bidirectional"/>
        <pin num="24" name="GND@3" type="bidirectional"/>
        <pin num="25" name="DCCH" type="bidirectional"/>
        <pin num="26" name="P0.18/RESET" type="bidirectional"/>
        <pin num="27" name="VBUS" type="bidirectional"/>
        <pin num="28" name="P0.15" type="bidirectional"/>
        <pin num="29" name="DM" type="bidirectional"/>
        <pin num="30" name="P0.17" type="bidirectional"/>
        <pin num="31" name="DP" type="bidirectional"/>
        <pin num="32" name="P0.20" type="bidirectional"/>
        <pin num="33" name="P0.13" type="bidirectional"/>
        <pin num="34" name="P0.22" type="bidirectional"/>
        <pin num="35" name="P0.24" type="bidirectional"/>
        <pin num="36" name="P1.00" type="bidirectional"/>
        <pin num="37" name="SWDIO" type="bidirectional"/>
        <pin num="38" name="P1.02" type="bidirectional"/>
        <pin num="39" name="SWDCLK" type="bidirectional"/>
        <pin num="40" name="P1.04" type="bidirectional"/>
        <pin num="41" name="P0.09/NFC1" type="bidirectional"/>
        <pin num="42" name="P1.06" type="bidirectional"/>
        <pin num="43" name="P0.10/NFC2" type="bidirectional"/>
      </pins>
    </libpart>
    <libpart lib="Sensor_Humidity" part="SHTC3">
      <description>Humidity and Temperature Sensor, +/-2%RH, +/-0.2degC, I2C, 1.62-3.6V, DFN-4</description>
      <docs>https://www.sensirion.com/fileadmin/user_upload/customers/sensirion/Dokumente/0_Datasheets/Humidity/Sensirion_Humidity_Sensors_SHTC3_Datasheet.pdf</docs>
      <footprints>
        <fp>Sensirion*DFN*1EP*2x2mm*P1mm*EP0.7x1.6mm*</fp>
      </footprints>
      <fields>
        <field name="Reference">U</field>
        <field name="Value">SHTC3</field>
        <field name="Footprint">Sensor_Humidity:Sensirion_DFN-4-1EP_2x2mm_P1mm_EP0.7x1.6mm</field>
        <field name="Datasheet">https://www.sensirion.com/fileadmin/user_upload/customers/sensirion/Dokumente/0_Datasheets/Humidity/Sensirion_Humidity_Sensors_SHTC3_Datasheet.pdf</field>
      </fields>
      <pins>
        <pin num="1" name="VDD" type="power_in"/>
        <pin num="2" name="SCL" type="input"/>
        <pin num="3" name="SDA" type="bidirectional"/>
        <pin num="4" name="VSS" type="power_in"/>
        <pin num="5" name="NC" type="no_connect"/>
      </pins>
    </libpart>
    <libpart lib="Transistor_BJT" part="MMBT3906">
      <description>-0.2A Ic, -40V Vce, Small Signal PNP Transistor, SOT-23</description>
      <docs>https://www.onsemi.com/pub/Collateral/2N3906-D.PDF</docs>
      <footprints>
        <fp>SOT?23*</fp>
      </footprints>
      <fields>
        <field name="Reference">Q</field>
        <field name="Value">MMBT3906</field>
        <field name="Footprint">Package_TO_SOT_SMD:SOT-23</field>
        <field name="Datasheet">https://www.onsemi.com/pub/Collateral/2N3906-D.PDF</field>
      </fields>
      <pins>
        <pin num="1" name="B" type="input"/>
        <pin num="2" name="E" type="passive"/>
        <pin num="3" name="C" type="passive"/>
      </pins>
    </libpart>
  </libparts>
  <libraries>
    <library logical="B3U-1000P">
      <uri>/Users/rbaron/dev/parasite/b-parasite/kicad/lib/snapeda/B3U-1000P.lib</uri>
    </library>
    <library logical="Connector">
      <uri>/Applications/KiCad/KiCad.app/Contents/SharedSupport/symbols//Connector.kicad_sym</uri>
    </library>
    <library logical="Device">
      <uri>/Applications/KiCad/KiCad.app/Contents/SharedSupport/symbols//Device.kicad_sym</uri>
    </library>
    <library logical="Diode">
      <uri>/Applications/KiCad/KiCad.app/Contents/SharedSupport/symbols//Diode.kicad_sym</uri>
    </library>
    <library logical="E73">
      <uri>/Users/rbaron/dev/parasite/b-parasite/kicad/lib/snapeda/E73-2G4M08S1C.lib</uri>
    </library>
    <library logical="Sensor_Humidity">
      <uri>/Users/rbaron/dev/parasite/b-parasite/kicad/lib/kicad/Sensor_Humidity.lib</uri>
    </library>
    <library logical="Transistor_BJT">
      <uri>/Applications/KiCad/KiCad.app/Contents/SharedSupport/symbols//Transistor_BJT.kicad_sym</uri>
    </library>
  </libraries>
  <nets>
    <net code="1" name="+3V0">
      <node ref="BT1" pin="1" pinfunction="+" pintype="passive"/>
      <node ref="C2" pin="1" pintype="passive"/>
      <node ref="R7" pin="2" pintype="passive"/>
      <node ref="R8" pin="1" pintype="passive"/>
      <node ref="U1" pin="19" pinfunction="VDD" pintype="bidirectional"/>
      <node ref="U1" pin="23" pinfunction="VDDH" pintype="bidirectional"/>
      <node ref="U2" pin="1" pinfunction="VDD" pintype="power_in"/>
    </net>
    <net code="2" name="0.10">
      <node ref="U1" pin="43" pinfunction="P0.10/NFC2" pintype="bidirectional"/>
    </net>
    <net code="3" name="BTN1">
      <node ref="SW1" pin="1" pintype="passive"/>
      <node ref="U1" pin="10" pinfunction="P0.30/AIN6" pintype="bidirectional"/>
    </net>
    <net code="4" name="CPARA">
      <node ref="D1" pin="2" pinfunction="A" pintype="passive"/>
      <node ref="Q1" pin="2" pinfunction="E" pintype="passive"/>
      <node ref="R1" pin="2" pintype="passive"/>
    </net>
    <net code="5" name="GND">
      <node ref="BT1" pin="2" pinfunction="-" pintype="passive"/>
      <node ref="C1" pin="2" pintype="passive"/>
      <node ref="C2" pin="2" pintype="passive"/>
      <node ref="C3" pin="1" pintype="passive"/>
      <node ref="C4" pin="2" pintype="passive"/>
      <node ref="D2" pin="1" pinfunction="K" pintype="passive"/>
      <node ref="Q1" pin="3" pinfunction="C" pintype="passive"/>
      <node ref="R10" pin="1" pintype="passive"/>
      <node ref="R6" pin="2" pintype="passive"/>
      <node ref="RST1" pin="2" pintype="passive"/>
      <node ref="SW1" pin="2" pintype="passive"/>
      <node ref="U1" pin="21" pinfunction="GND@2" pintype="bidirectional"/>
      <node ref="U1" pin="5" pinfunction="GND@1" pintype="bidirectional"/>
      <node ref="U2" pin="4" pinfunction="VSS" pintype="power_in"/>
    </net>
    <net code="6" name="LED">
      <node ref="R2" pin="2" pintype="passive"/>
      <node ref="U1" pin="4" pinfunction="P0.28/AIN4" pintype="bidirectional"/>
    </net>
    <net code="7" name="Net-(D2-A)">
      <node ref="D2" pin="2" pinfunction="A" pintype="passive"/>
      <node ref="R2" pin="1" pintype="passive"/>
    </net>
    <net code="8" name="Net-(Q1-B)">
      <node ref="Q1" pin="1" pinfunction="B" pintype="input"/>
      <node ref="R4" pin="1" pintype="passive"/>
    </net>
    <net code="9" name="Net-(U1B-P0.00{slash}XL1)">
      <node ref="C3" pin="2" pintype="passive"/>
      <node ref="U1" pin="11" pinfunction="P0.00/XL1" pintype="bidirectional"/>
      <node ref="Y1" pin="2" pinfunction="2" pintype="passive"/>
    </net>
    <net code="10" name="Net-(U1B-P0.01{slash}XL2)">
      <node ref="C4" pin="1" pintype="passive"/>
      <node ref="U1" pin="13" pinfunction="P0.01/XL2" pintype="bidirectional"/>
      <node ref="Y1" pin="1" pinfunction="1" pintype="passive"/>
    </net>
    <net code="11" name="PHOTO_OUT">
      <node ref="Q4" pin="2" pinfunction="E" pintype="passive"/>
      <node ref="R10" pin="2" pintype="passive"/>
      <node ref="U1" pin="7" pinfunction="P0.02/AIN0" pintype="bidirectional"/>
    </net>
    <net code="12" name="PHOTO_V">
      <node ref="Q4" pin="1" pinfunction="C" pintype="passive"/>
      <node ref="U1" pin="8" pinfunction="P0.29/AIN5" pintype="bidirectional"/>
    </net>
    <net code="13" name="PWM">
      <node ref="R1" pin="1" pintype="passive"/>
      <node ref="R4" pin="2" pintype="passive"/>
      <node ref="U1" pin="15" pinfunction="P0.05/AIN3" pintype="bidirectional"/>
    </net>
    <net code="14" name="RST">
      <node ref="RST1" pin="1" pintype="passive"/>
      <node ref="U1" pin="26" pinfunction="P0.18/RESET" pintype="bidirectional"/>
    </net>
    <net code="15" name="SCL">
      <node ref="R8" pin="2" pintype="passive"/>
      <node ref="U1" pin="33" pinfunction="P0.13" pintype="bidirectional"/>
      <node ref="U2" pin="2" pinfunction="SCL" pintype="input"/>
    </net>
    <net code="16" name="SDA">
      <node ref="R7" pin="1" pintype="passive"/>
      <node ref="U1" pin="35" pinfunction="P0.24" pintype="bidirectional"/>
      <node ref="U2" pin="3" pinfunction="SDA" pintype="bidirectional"/>
    </net>
    <net code="17" name="SENS_OUT">
      <node ref="C1" pin="1" pintype="passive"/>
      <node ref="D1" pin="1" pinfunction="K" pintype="passive"/>
      <node ref="R6" pin="1" pintype="passive"/>
      <node ref="U1" pin="3" pinfunction="P0.03/AIN1" pintype="bidirectional"/>
    </net>
    <net code="18" name="SWDCLK">
      <node ref="U1" pin="39" pinfunction="SWDCLK" pintype="bidirectional"/>
    </net>
    <net code="19" name="SWDIO">
      <node ref="U1" pin="37" pinfunction="SWDIO" pintype="bidirectional"/>
    </net>
    <net code="20" name="unconnected-(U1A-DCCH-Pad25)">
      <node ref="U1" pin="25" pinfunction="DCCH" pintype="bidirectional+no_connect"/>
    </net>
    <net code="21" name="unconnected-(U1A-DM-Pad29)">
      <node ref="U1" pin="29" pinfunction="DM" pintype="bidirectional+no_connect"/>
    </net>
    <net code="22" name="unconnected-(U1A-DP-Pad31)">
      <node ref="U1" pin="31" pinfunction="DP" pintype="bidirectional+no_connect"/>
    </net>
    <net code="23" name="unconnected-(U1A-GND@3-Pad24)">
      <node ref="U1" pin="24" pinfunction="GND@3" pintype="bidirectional+no_connect"/>
    </net>
    <net code="24" name="unconnected-(U1A-VBUS-Pad27)">
      <node ref="U1" pin="27" pinfunction="VBUS" pintype="bidirectional+no_connect"/>
    </net>
    <net code="25" name="unconnected-(U1B-P0.04{slash}AIN2-Pad18)">
      <node ref="U1" pin="18" pinfunction="P0.04/AIN2" pintype="bidirectional+no_connect"/>
    </net>
    <net code="26" name="unconnected-(U1B-P0.06-Pad14)">
      <node ref="U1" pin="14" pinfunction="P0.06" pintype="bidirectional+no_connect"/>
    </net>
    <net code="27" name="unconnected-(U1B-P0.07-Pad22)">
      <node ref="U1" pin="22" pinfunction="P0.07" pintype="bidirectional+no_connect"/>
    </net>
    <net code="28" name="unconnected-(U1B-P0.08-Pad16)">
      <node ref="U1" pin="16" pinfunction="P0.08" pintype="bidirectional+no_connect"/>
    </net>
    <net code="29" name="unconnected-(U1B-P0.09{slash}NFC1-Pad41)">
      <node ref="U1" pin="41" pinfunction="P0.09/NFC1" pintype="bidirectional+no_connect"/>
    </net>
    <net code="30" name="unconnected-(U1B-P0.12-Pad20)">
      <node ref="U1" pin="20" pinfunction="P0.12" pintype="bidirectional+no_connect"/>
    </net>
    <net code="31" name="unconnected-(U1B-P0.15-Pad28)">
      <node ref="U1" pin="28" pinfunction="P0.15" pintype="bidirectional+no_connect"/>
    </net>
    <net code="32" name="unconnected-(U1B-P0.17-Pad30)">
      <node ref="U1" pin="30" pinfunction="P0.17" pintype="bidirectional+no_connect"/>
    </net>
    <net code="33" name="unconnected-(U1B-P0.20-Pad32)">
      <node ref="U1" pin="32" pinfunction="P0.20" pintype="bidirectional+no_connect"/>
    </net>
    <net code="34" name="unconnected-(U1B-P0.22-Pad34)">
      <node ref="U1" pin="34" pinfunction="P0.22" pintype="bidirectional+no_connect"/>
    </net>
    <net code="35" name="unconnected-(U1B-P0.26-Pad12)">
      <node ref="U1" pin="12" pinfunction="P0.26" pintype="bidirectional+no_connect"/>
    </net>
    <net code="36" name="unconnected-(U1B-P0.31{slash}AIN7-Pad9)">
      <node ref="U1" pin="9" pinfunction="P0.31/AIN7" pintype="bidirectional+no_connect"/>
    </net>
    <net code="37" name="unconnected-(U1C-P1.00-Pad36)">
      <node ref="U1" pin="36" pinfunction="P1.00" pintype="bidirectional+no_connect"/>
    </net>
    <net code="38" name="unconnected-(U1C-P1.02-Pad38)">
      <node ref="U1" pin="38" pinfunction="P1.02" pintype="bidirectional+no_connect"/>
    </net>
    <net code="39" name="unconnected-(U1C-P1.04-Pad40)">
      <node ref="U1" pin="40" pinfunction="P1.04" pintype="bidirectional+no_connect"/>
    </net>
    <net code="40" name="unconnected-(U1C-P1.06-Pad42)">
      <node ref="U1" pin="42" pinfunction="P1.06" pintype="bidirectional+no_connect"/>
    </net>
    <net code="41" name="unconnected-(U1C-P1.09-Pad17)">
      <node ref="U1" pin="17" pinfunction="P1.09" pintype="bidirectional+no_connect"/>
    </net>
    <net code="42" name="unconnected-(U1C-P1.10-Pad2)">
      <node ref="U1" pin="2" pinfunction="P1.10" pintype="bidirectional+no_connect"/>
    </net>
    <net code="43" name="unconnected-(U1C-P1.11-Pad1)">
      <node ref="U1" pin="1" pinfunction="P1.11" pintype="bidirectional+no_connect"/>
    </net>
    <net code="44" name="unconnected-(U1C-P1.13-Pad6)">
      <node ref="U1" pin="6" pinfunction="P1.13" pintype="bidirectional+no_connect"/>
    </net>
    <net code="45" name="unconnected-(U2-NC-Pad5)">
      <node ref="U2" pin="5" pinfunction="NC" pintype="no_connect"/>
    </net>
  </nets>
</export>
